{"cameraMode":{"drawMode":0,"name":"Shaded","section":"Shading Mode"},"sceneLighting":false,"audioPlay":false,"sceneViewState":{"m_AlwaysRefresh":false,"showFog":true,"showSkybox":false,"showFlares":true,"showImageEffects":true,"showParticleSystems":true,"showVisualEffectGraphs":true,"m_FxEnabled":true},"in2DMode":false,"pivot":{"x":-0.004489541053771973,"y":0.24509194493293763,"z":0.008238524198532105},"rotation":{"x":-0.12197767943143845,"y":0.6425498723983765,"z":-0.10462293773889542,"w":-0.7492181658744812},"size":0.2795734107494354,"orthographic":false}